,channel_id,channel_title,creation_date,country,view_count,comment_count,subscriber_count,video_count,genres
0,UCa10nxShhzNrCE1o2ZOPztg,Trap Nation,2012-09-23T03:23:23.000Z,US,10040910795,0,27600000,1814,"['Hip Hop Music', 'Electronic Music', 'Pop Music', 'Music']"
1,UClZkHt2kNIgyrTTPnSQV3SA,Get Movies,2006-12-16T19:24:29.000Z,RU,21779486367,0,29100000,2986,"['Film', 'Entertainment']"
2,UCYWOjHweP2V-8kGKmmAmQJQ,Badabun,2014-10-14T00:15:54.000Z,MX,14839639855,0,43100000,4880,"['Television Program', 'Entertainment', 'Lifestyle (Sociology)']"
3,UCJplp5SjeGSdVdwsfb9Q7lQ,Like Nastya Vlog,2016-12-06T12:15:52.000Z,RU,19158328941,0,39100000,327,"['Hobby', 'Entertainment', 'Lifestyle (Sociology)']"
4,UCP6uH_XlsxrXwZQ4DlqbqPg,Shemaroo Filmi Gaane,2010-06-11T05:33:27.000Z,IN,13883702142,0,29500000,6348,"['Film', 'Entertainment', 'Music Of Asia', 'Music']"
5,UCJ5v_MCY6GNUBTO8-D3XoAg,WWE,2007-05-11T01:20:02.000Z,,37182753702,0,50800000,44501,"['Entertainment', 'Professional Wrestling', 'Performing Arts']"
6,UCBVjMGOIkavEAhyqpxJ73Dw,Maroon 5,2006-03-09T03:19:51.000Z,,274747243,0,28100000,154,"['Pop Music', 'Entertainment', 'Music']"
7,UCOmHUn--16B90oW2L6FRR3A,BLACKPINK,2016-06-29T03:15:23.000Z,KR,7780183503,0,31300000,253,"['Hip Hop Music', 'Entertainment', 'Music Of Asia', 'Music']"
8,UCpEhnqL0y41EpW2TvWAHD7Q,SET India,2006-09-20T22:24:59.000Z,IN,43125038812,0,59300000,33607,"['Television Program', 'Film', 'Entertainment']"
9,UCyoXW-Dse7fURq30EWl_CUA,Goldmines Telefilms,2012-01-21T08:42:21.000Z,IN,5237261807,0,29300000,512,"['Film', 'Entertainment', 'Music']"
10,UCRijo3ddMTht_IHyNSNXpNQ,Dude Perfect,2009-03-17T05:44:36.000Z,US,9306672097,0,47200000,218,"['Sport', 'Entertainment', 'Lifestyle (Sociology)']"
11,UCECJDeK0MNapZbpaOzxrUPA,Luisito Comunica,2012-04-15T04:13:36.000Z,MX,3639444196,0,27600000,714,"['Entertainment', 'Lifestyle (Sociology)', 'Food']"
13,UC9CoOnJkIBMdeijd9qYoT_g,Ariana Grande,2007-01-22T01:53:12.000Z,,925980874,0,38800000,139,"['Pop Music', 'Entertainment', 'Music']"
14,UCbCmjCuTUZos6Inko4u57UQ,Cocomelon - Nursery Rhymes,2006-09-01T22:18:49.000Z,US,43335002834,0,65100000,474,"['Film', 'Entertainment', 'Music']"
15,UCb2HGwORFBo94DmRx4oLzow,One Direction,2010-12-03T11:45:50.000Z,,352206340,0,30200000,157,"['Pop Music', 'Music']"
16,UC3KQ5GWANYF8lChqjZpXsQw,whinderssonnunes,2013-01-21T13:06:10.000Z,,3142901781,0,37500000,373,"['Entertainment', 'Lifestyle (Sociology)', 'Music']"
17,UC56gTxNs4f9xZ7Pa2i5xNzg,Sony Music India,2009-09-02T23:16:22.000Z,IN,11463666094,0,28800000,2498,"['Hip Hop Music', 'Music Of Asia', 'Music']"
18,UC4rlAVgAK0SGk-yTfe48Qpw,BRIGHT SIDE,2017-03-15T11:17:50.000Z,,6075130166,0,31600000,3034,"['Vehicle', 'Film', 'Entertainment', 'Lifestyle (Sociology)']"
19,UCam8T03EOFBsNdR0thrFHdQ,VEGETTA777,2008-03-02T19:25:21.000Z,,11275900934,0,27900000,5571,"['Role-Playing Video Game', 'Video Game Culture', 'Action Game']"
20,UC295-Dw_tDNtZXFeAPAW6Aw,5-Minute Crafts,2016-11-15T09:25:37.000Z,US,16284872101,0,62000000,3819,"['Hobby', 'Lifestyle (Sociology)', 'Food']"
21,UCXazgXDIYyWH-yXLAkcrFxw,elrubiusOMG,2011-12-20T00:48:42.000Z,,8095913699,0,36100000,816,"['Role-Playing Video Game', 'Entertainment', 'Video Game Culture', 'Action Game']"
22,UC3IZKseVpdzPSBaWxBxundA,ibighit,2008-06-04T08:23:22.000Z,,7314456972,0,30100000,336,"['Hip Hop Music', 'Pop Music', 'Entertainment', 'Music Of Asia', 'Music']"
23,UCIwFjwMjI0y7PDBVEO9-bkQ,Justin Bieber,2007-01-15T21:17:27.000Z,,636976987,0,47200000,135,"['Pop Music', 'Entertainment', 'Music']"
24,UCEdvpU2pFRCVqU6yIPyTpMQ,Marshmello,2015-04-06T21:21:50.000Z,US,7568272336,0,40800000,383,"['Food', 'Electronic Music', 'Lifestyle (Sociology)', 'Music']"
25,UCV4xOVpbcV8SdueDCOxLXtQ,Fernanfloo,2011-05-02T05:32:42.000Z,SV,7519676900,0,34100000,534,"['Film', 'Entertainment', 'Video Game Culture', 'Action Game']"
26,UC3gNmTGu-TTbFPpfSs5kNkg,Movieclips,2006-04-28T00:02:37.000Z,US,28869831031,0,30900000,34528,"['Film', 'Entertainment']"
27,UCK1i2UviaXLUNrZlAFpw_jA,El Reino Infantil,2011-06-02T16:20:07.000Z,,24788523758,0,27800000,751,"['Film', 'Entertainment', 'Music']"
28,UCHkj014U2CQ2Nv0UZeYpE_A,JustinBieberVEVO,2009-09-26T03:46:15.000Z,US,19168870236,0,33200000,122,"['Pop Music', 'Music']"
29,UCFFbwnve3yF62-tVXkTyHqg,Zee Music Company,2014-03-12T11:59:25.000Z,IN,21403917219,0,46100000,4386,"['Pop Music', 'Music Of Asia', 'Music']"
30,UCcgqSM4YEo5vVQpqwN-MaNw,Rihanna,2005-11-06T16:14:28.000Z,,62978109,0,33200000,78,"['Pop Music', 'Entertainment', 'Music']"
31,UCZJ7m7EnCNodqnu5SAtg8eQ,HolaSoyGerman.,2011-09-08T20:25:54.000Z,CL,4078891171,0,40000000,137,['Entertainment']
32,UCffDXn7ycAzwL2LDlbyWOTw,Canal KondZilla,2012-03-21T23:40:47.000Z,BR,27167895228,0,53200000,1232,"['Hip Hop Music', 'Music Of Latin America', 'Music']"
34,UCq-Fj5jknLsUf-MWSy4_brA,T-Series,2006-03-13T14:27:05.000Z,IN,88630702566,0,118000000,14009,"['Film', 'Entertainment', 'Music Of Asia', 'Music']"
35,UCvlE5gTbOvjiolFlEm-c_Ow,Vlad and Nikita,2018-04-23T13:58:18.000Z,US,12558898052,0,29300000,174,"['Vehicle', 'Hobby', 'Lifestyle (Sociology)']"
36,UCYiGq8XF7YQD00x7wAd62Zg,JuegaGerman,2013-05-19T00:09:13.000Z,CL,10111923159,0,37100000,1665,"['Role-Playing Video Game', 'Entertainment', 'Lifestyle (Sociology)', 'Video Game Culture']"
37,UCJrOtniJ0-NWz37R30urifQ,Alan Walker,2012-08-25T20:55:38.000Z,NO,7266590697,0,30600000,207,"['Pop Music', 'Electronic Music', 'Entertainment', 'Music']"
38,UC-lHJZR3Gqxm24_Vd_AJ5Yw,PewDiePie,2010-04-29T10:54:00.000Z,US,23936169110,0,102000000,4010,"['Role-Playing Video Game', 'Entertainment', 'Video Game Culture', 'Action Game']"
39,UCV306eHqgo0LvBf3Mh36AHg,Felipe Neto,2006-05-16T06:56:06.000Z,BR,8184018380,0,34900000,2047,"['Television Program', 'Entertainment']"
40,UCqECaJ8Gagnn7YCbPEzWH6g,Taylor Swift,2006-09-20T21:05:35.000Z,,293588438,0,36300000,174,"['Country Music', 'Pop Music', 'Entertainment', 'Music']"
42,UCfM3zsQsOnfWNUppiycmBuw,EminemMusic,2007-02-09T00:01:36.000Z,,759284667,0,39600000,117,"['Hip Hop Music', 'Entertainment', 'Music']"
43,UCp0hYYBW6IMayGgR-WeoCvQ,TheEllenShow,2006-11-21T04:53:43.000Z,US,17945264458,0,35200000,10998,"['Television Program', 'Film', 'Entertainment', 'Humour']"
44,UCYvmuw-JtVrTZQ-7Y4kd63Q,Katy Perry,2008-06-01T19:58:36.000Z,,364182786,0,35500000,103,"['Pop Music', 'Entertainment', 'Music']"
45,UC0C-w0YjGpqDXGB8IHb662A,Ed Sheeran,2006-08-08T13:59:50.000Z,,18525689218,0,42700000,158,"['Pop Music', 'Music']"
46,UCAvCL8hyXjSUHKEGuUPr1BA,Shawn Mendes,2011-01-19T00:16:50.000Z,,291495285,0,24200000,88,"['Pop Music', 'Music']"
47,UC9TO_oo4c_LrOiKNaY6aysA,Daddy Yankee,2011-05-16T22:30:49.000Z,PR,9378561820,0,25800000,349,"['Music Of Latin America', 'Hip Hop Music', 'Music']"
48,UCbW18JZRgko_mOGm5er8Yzg,OneDirectionVEVO,2010-12-04T21:25:34.000Z,,9033082007,0,22900000,171,"['Pop Music', 'Music']"
49,UCstEtN0pgOmCf02EdXsGChw,ABS-CBN Entertainment,2008-07-16T02:11:59.000Z,PH,30858673786,0,22900000,132111,"['Television Program', 'Entertainment', 'Film']"
50,UCBNs31xysxpAGMheg8OrngA,Yuya,2009-09-20T22:17:26.000Z,,2449082537,0,24100000,618,"['Lifestyle (Sociology)', 'Fashion']"
51,UC3MLnJtqc_phABBriLRhtgQ,SonyMusicIndiaVEVO,2009-09-02T23:38:43.000Z,,11922394140,0,25900000,3025,"['Pop Music', 'Music Of Asia', 'Music']"
52,UCaWd5_7JhbQBe4dknZhsHJg,WatchMojo.com,2007-01-25T16:19:35.000Z,CA,12766228835,0,21500000,17369,"['Video Game Culture', 'Entertainment', 'Film']"
53,UCOsyDsO5tIt-VZ1iwjdQmew,Speed Records,2012-11-22T10:36:15.000Z,IN,13291361579,0,26500000,7483,"['Music Of Asia', 'Music']"
54,UCaayLD9i5x4MmIoVZxXSv_g,T-Series Bhakti Sagar,2011-02-13T18:21:00.000Z,IN,9862040722,0,24500000,20345,"['Music Of Asia', 'Music']"
55,UCSAUGyc_xA8uYzaIVG6MESQ,nigahiga,2006-07-21T01:40:43.000Z,US,4147281205,0,21300000,399,"['Entertainment', 'Film', 'Music']"
56,UClZuKq2m0Qu-HkopkSBLpEw,Maluma,2018-03-23T22:14:33.000Z,,275065440,0,22500000,8,"['Music Of Latin America', 'Pop Music', 'Music']"
57,UCsPF3cApzCohxPp5oKdoWSQ,CVS 3D Rhymes,2008-08-26T12:03:39.000Z,,13156710674,0,22000000,332,"['Entertainment', 'Film', 'Music']"
58,UCV9_KinVpV-snHe3C3n1hvA,shane,2005-09-22T03:45:47.000Z,,5367136080,0,23100000,1696,['Entertainment']
59,UCANLZYMidaCbLQFWXBC95Jg,TaylorSwiftVEVO,2009-05-12T05:29:33.000Z,US,17828593602,0,27100000,107,"['Country Music', 'Pop Music', 'Music']"
60,UCcdwLMPsaU2ezNSJU1nFoBQ,Pinkfong! Kids' Songs & Stories,2011-12-14T04:54:24.000Z,US,10753653396,0,25800000,1403,"['Entertainment', 'Film', 'Music']"
61,UCX6OQ3DkcsbYNE6H8uQQuVA,MrBeast,2012-02-20T00:43:50.000Z,US,3813526531,0,25800000,712,"['Vehicle', 'Lifestyle (Sociology)', 'Action Game', 'Entertainment', 'Video Game Culture']"
62,UCYzPXprvl5Y-Sf0g4vX-m6g,jacksepticeye,2007-02-24T14:28:56.000Z,IE,11779038804,0,23000000,4329,"['Entertainment', 'Action Game', 'Video Game Culture', 'Role-Playing Video Game']"
63,UCNUQK9mQoqi4yNXw2_Rj6SA,GR6 EXPLODE,2014-08-05T05:21:03.000Z,BR,12738349843,0,26400000,2878,"['Music Of Latin America', 'Electronic Music', 'Hip Hop Music', 'Music']"
64,UCLkAepWjdylmXSltofFvsYQ,BANGTANTV,2012-12-17T03:20:38.000Z,,3151162696,0,23300000,1084,"['Pop Music', 'Entertainment', 'Music']"
65,UC55IWqFLDH1Xp7iu1_xknRA,Colors TV,2008-06-13T11:09:32.000Z,IN,15204763936,0,21100000,33742,"['Television Program', 'Entertainment', 'Film']"
66,UCt4t-jeY85JegMlZ-E5UWtA,Aaj Tak,2009-08-27T11:54:24.000Z,IN,6354052625,0,23200000,95073,"['Politics', 'Society']"
67,UCM9r1xn6s30OnlJWb-jc3Sw,XXXTENTACION,2015-06-23T01:27:37.000Z,US,4378201684,0,22600000,79,"['Pop Music', 'Hip Hop Music', 'Music']"
68,UC-yXuc1__OzjwpsJPlxYUCQ,WORLDSTARHIPHOP,2008-11-08T13:30:04.000Z,US,14265494805,0,22300000,4516,"['Hip Hop Music', 'Music']"
69,UCJrDMFOdv1I2k8n9oK_V21w,Tips Official,2007-05-22T10:13:28.000Z,IN,10039056825,0,23500000,2702,"['Music Of Asia', 'Music']"
70,UC20vb-R_px4CguHzzBPhoyQ,EminemVEVO,2009-05-12T05:27:52.000Z,,13895993915,0,26000000,84,"['Hip Hop Music', 'Rock Music', 'Music']"
71,UChGJGhZ9SOOHvBB0Y4DOO_w,Ryan's World,2015-03-17T00:18:47.000Z,US,33702183780,0,22500000,1563,"['Lifestyle (Sociology)', 'Hobby', 'Entertainment', 'Film']"
72,UCiGm_E4ZwYSHV3bcW1pnSeQ,Billie Eilish,2013-02-06T23:21:04.000Z,US,492129978,0,22300000,24,"['Independent Music', 'Pop Music', 'Entertainment', 'Music']"
73,UC6-F5tO8uklgE9Zy8IvbdFw,SAB TV,2007-08-04T16:05:01.000Z,IN,23400203766,0,25300000,26404,"['Television Program', 'Entertainment', 'Film']"
74,UCoGDh1Xa3kUCpok24JN5DKA,enchufetv,2011-11-13T01:33:03.000Z,,7777551143,0,21800000,1241,"['Entertainment', 'Film', 'Music']"
75,UCsT0YIqwnpJCM-mx7-gSA4Q,TEDx Talks,2009-06-23T16:00:48.000Z,,3900437230,0,21700000,144491,"['Performing Arts', 'Entertainment', 'Society']"
76,UC3ZkCd7XtUREnjjt3cyY_gg,WorkpointOfficial,2012-11-05T04:27:20.000Z,TH,22122461169,0,26200000,38333,"['Television Program', 'Performing Arts', 'Entertainment', 'Music']"
77,UCbTVTephX30ZhQF5zwFppBg,rezendeevil,2012-02-12T23:58:25.000Z,BR,9148413742,0,25200000,8233,"['Lifestyle (Sociology)', 'Entertainment']"
78,UCAW-NpUFkMyCNrvRSSGIvDQ,Ninja,2011-11-11T06:17:51.000Z,US,1982179672,0,22400000,969,"['Action Game', 'Video Game Culture', 'Role-Playing Video Game']"
79,UCs8qka8tfhdc69wzXYdtZ3A,LosPolinesios,2012-12-16T21:39:34.000Z,,4266731546,0,20800000,496,"['Lifestyle (Sociology)', 'Entertainment']"
80,UCS94J1s6-qc8v7btCdS2pNg,Stacy Toys,2017-11-14T14:56:43.000Z,US,7388471573,0,21800000,240,"['Lifestyle (Sociology)', 'Hobby', 'Entertainment']"
81,UC1l7wYrva1qCH-wgqcHaaRg,David Guetta,2009-12-11T07:02:52.000Z,,11958005638,0,20900000,525,"['Pop Music', 'Electronic Music', 'Music']"
82,UCbTLwN10NoCU4WDzLf1JMOA,YRF,2006-06-07T23:07:50.000Z,IN,13353473226,0,25200000,3740,"['Entertainment', 'Film', 'Music Of Asia', 'Music']"
83,UC_gV70G_Y51LTa3qhu8KiEA,LUCCAS NETO - LUCCAS TOON,2014-07-31T04:07:52.000Z,BR,7879827935,0,27200000,751,"['Television Program', 'Entertainment', 'Film']"
84,UC7_YxT-KID8kRbqZo7MyscQ,Markiplier,2012-05-26T20:30:52.000Z,US,11995263825,0,24600000,4536,"['Entertainment', 'Action Game', 'Video Game Culture', 'Role-Playing Video Game']"
85,UCS5Oz6CHmeoF7vSad0qqXfw,DanTDM,2012-07-14T21:58:18.000Z,GB,15773480716,0,22300000,3268,"['Action Game', 'Video Game Culture', 'Role-Playing Video Game']"
86,UCY30JRSgfhYXA6i6xX1erWg,Smosh,2005-11-19T10:25:07.000Z,US,9062885920,0,25000000,1085,"['Television Program', 'Entertainment', 'Humour']"
87,UCX52tYZiEh_mHoFja3Veciw,Eros Now,2007-02-27T20:07:38.000Z,,12182576985,0,20900000,10093,"['Entertainment', 'Film', 'Music']"
88,UCoUM-UJ7rirJYP8CQ0EIaHA,Bruno Mars,2006-09-19T01:34:43.000Z,,11226266772,0,26000000,67,"['Pop Music', 'Music']"
89,UCKqH_9mk1waLgBiL2vT5b9g,VanossGaming,2011-09-15T07:05:29.000Z,,11774725127,0,24900000,1082,"['Action Game', 'Video Game Culture', 'Role-Playing Video Game']"
90,UCpDJl2EmP7Oh90Vylx0dZtA,Spinnin' Records,2007-07-12T12:23:44.000Z,NL,15522310789,0,26200000,9215,"['Electronic Music', 'Music']"
91,UC-8Q-hLdECwQmaWNwXitYDw,KatyPerryVEVO,2009-12-13T03:04:53.000Z,US,18376186831,0,25900000,136,"['Pop Music', 'Electronic Music', 'Music']"
92,UC_aEa8K-EOJ3D6gOs7HcyNg,NoCopyrightSounds,2011-08-14T20:13:26.000Z,GB,6927490433,0,24000000,682,"['Electronic Music', 'Music']"
93,UCjIA3wwhi0QjSOXAZwOXbPA,Ozuna,2016-03-24T19:55:58.000Z,PR,12750143707,0,26400000,70,"['Music Of Latin America', 'Music']"
94,UCVtFOytbRpEvzLjvqGG5gxQ,KSI,2009-07-25T01:11:42.000Z,GB,5038835144,0,20700000,1203,"['Sport', 'Lifestyle (Sociology)', 'Boxing', 'Entertainment', 'Music']"
95,UC2xskkQVFEpLcGFnNSLQY0A,RihannaVEVO,2009-05-12T05:29:11.000Z,US,14596703501,0,26000000,106,"['Soul Music', 'Pop Music', 'Rhythm And Blues', 'Electronic Music', 'Music']"
96,UCbrd1vu4_7qIE6IPV_dA-OA,GENIAL,2017-06-01T07:07:20.000Z,,3092260923,0,20600000,2689,"['Entertainment', 'Film', 'Lifestyle (Sociology)']"
97,UC4rasfm9J-X4jNl9SvXp8xA,Ultra Music,2006-10-24T20:03:16.000Z,,11457082557,0,20200000,3875,"['Electronic Music', 'Music']"
98,UCQZfFRohQ7UX-0CdXl-6pwQ,Kimberly Loaiza,2016-11-16T03:28:16.000Z,MX,1359881375,0,20200000,102,"['Entertainment', 'Music', 'Lifestyle (Sociology)']"
99,UCT9zcQNlyht7fRlcjmflRSA,ImagineDragons,2009-08-03T09:09:31.000Z,,19726921,0,20200000,51,"['Rock Music', 'Music', 'Independent Music']"
100,UCEf_Bc-KVd7onSeifS3py9g,SMTOWN,2006-03-18T15:43:10.000Z,,15523556640,0,20400000,3922,"['Entertainment', 'Music', 'Pop Music']"
101,UCWwWOFsW68TqXE-HZLC3WIA,The ACE Family,2016-01-10T20:46:31.000Z,,3218459617,0,17700000,477,"['Entertainment', 'Lifestyle (Sociology)']"
102,UC8f7MkX4MFOOJ2SerXLInCA,one31,2013-01-10T12:27:39.000Z,TH,14885008186,0,19600000,76221,"['Entertainment', 'Society', 'Television Program']"
103,UCyQqzYXQBUWgBTn4pw_fFSQ,AuronPlay,2006-02-28T16:12:01.000Z,ES,2460209588,0,18900000,396,"['Entertainment', 'Lifestyle (Sociology)']"
104,UCcYrdFJF7hmPXRNaWdrko4w,ChrisBrownTV,2006-12-20T18:54:54.000Z,,33637686,0,17900000,18,"['Pop Music', 'Soul Music', 'Rhythm And Blues', 'Music']"
105,UCF1JIbMUs6uqoZEY1Haw0GQ,Shemaroo,2007-09-01T11:44:51.000Z,IN,9922390273,0,19800000,6878,"['Entertainment', 'Film']"
106,UCNYW2vfGrUE6R5mIJYzkRyQ,DrossRotzank,2006-03-09T20:06:26.000Z,AR,4041069436,0,18100000,1281,"['Entertainment', 'Film', 'Lifestyle (Sociology)']"
107,UCwD4x63A9KC7Si2RuSfg-SA,Lucas and Marcus,2011-01-19T22:44:47.000Z,US,4453848393,0,17900000,519,"['Entertainment', 'Lifestyle (Sociology)', 'Vehicle']"
108,UCPHXtOVmjvbP9OJihsd7gCg,CanalCanalha,2011-04-08T00:19:27.000Z,,1392889788,0,19000000,223,"['Entertainment', 'Sport', 'Music', 'Association Football']"
111,UCtW7qWjpCZ8zps-Cf2NF26w,Gaane Sune Ansune,2015-08-24T08:17:50.000Z,IN,7698175222,0,18300000,2249,"['Entertainment', 'Film', 'Music Of Asia', 'Music']"
112,UCaKLg1ELiX0zTJ6Je3c5esA,Atta Halilintar,2014-01-26T16:19:24.000Z,ID,1818928480,0,19800000,646,"['Entertainment', 'Lifestyle (Sociology)', 'Music', 'Vehicle']"
113,UC3jOd7GUMhpgJRBhiLzuLsg,Nicki Minaj,2013-08-28T15:19:24.000Z,US,91881891,0,19900000,20,"['Hip Hop Music', 'Entertainment', 'Lifestyle (Sociology)', 'Music', 'Fashion']"
114,UCVp3nfGRxmMadNDuVbJSk8A,Wiz Khalifa,2008-05-09T02:49:21.000Z,,9245178170,0,19700000,474,"['Hip Hop Music', 'Music']"
115,UCByOQJjav0CUDwxCk-jVNRQ,Drake,2009-06-05T23:20:21.000Z,,333416505,0,19200000,48,"['Hip Hop Music', 'Music']"
117,UC7TTtOQKMXTWWMtWQMIgVSA,Collins Key,2011-08-09T18:02:53.000Z,US,4096593817,0,19800000,241,"['Food', 'Entertainment', 'Lifestyle (Sociology)', 'Hobby']"
118,UC_TVqp_SyG6j5hG-xVRy95A,Skrillex,2010-04-06T19:44:30.000Z,,5237076896,0,19000000,168,"['Electronic Music', 'Music']"
119,UCBAb_DK4GYZqZR9MFA7y2Xg,Galinha Pintadinha,2006-08-30T19:30:30.000Z,BR,13412745114,0,19300000,50,['Music']
120,UCcvNYxWXR_5TjVK7cSCdW-g,T-Series Apna Punjab,2011-09-26T11:44:33.000Z,IN,9847435517,0,19500000,4437,"['Music Of Asia', 'Music']"
121,UCLsooMJoIpl_7ux2jvdPB-Q,Super Simple Songs - Kids Songs,2006-09-08T08:50:54.000Z,CA,16586572830,0,18900000,477,"['Entertainment', 'Film', 'Music']"
123,UCLp8RBhQHu9wSsq62j_Md6A,LuisFonsiVEVO,2009-05-12T05:28:36.000Z,US,11532041553,0,18000000,68,"['Pop Music', 'Music', 'Music Of Latin America']"
124,UCcgVECVN4OKV6DH1jLkqmcA,Jake Paul,2013-09-19T19:31:16.000Z,,6269826954,0,19700000,836,"['Hip Hop Music', 'Entertainment', 'Pop Music', 'Music']"
125,UCmL1WlDI8UkXDXCXcBQN9CA,Ultra Bollywood,2009-10-21T12:28:20.000Z,,10714116591,0,19400000,10395,"['Entertainment', 'Film', 'Music Of Asia', 'Music']"
126,UCxSz6JVYmzVhtkraHWZC7HQ,Liza Koshy,2013-09-02T22:55:05.000Z,US,2301078981,0,17700000,166,"['Entertainment', 'Film', 'Lifestyle (Sociology)']"
127,UC2pmfLm7iq6Ov1UwYrWYkZA,Vevo,2006-04-14T17:07:29.000Z,,560628465,0,19000000,1558,"['Hip Hop Music', 'Music']"
128,UC48h7Dst_hX82HxOf3xJw_w,Ch3Thailand,2014-05-29T07:24:43.000Z,TH,14402190534,0,19900000,66012,"['Entertainment', 'Television Program']"
129,UCpb_iJuhFe8V6rQdbNqfAlQ,NickyJamTV,2012-01-10T23:16:13.000Z,,12393510406,0,19600000,243,"['Pop Music', 'Music', 'Music Of Latin America']"
130,UC1ciY6kR3yj3kaKZ6R7ewAg,Infobells - Hindi,2014-06-06T15:24:36.000Z,IN,8862583867,0,18000000,288,"['Entertainment', 'Film']"
132,UCGnjeahCJW1AF34HBmQTJ-Q,shakiraVEVO,2009-09-02T23:38:38.000Z,,16859629103,0,19100000,164,"['Pop Music', 'Music', 'Music Of Latin America']"
133,UCpko_-a4wgz2u_DgDgd9fqA,BuzzFeedVideo,2011-08-10T21:27:29.000Z,,16055213500,0,19600000,6454,"['Food', 'Entertainment', 'Television Program', 'Lifestyle (Sociology)', 'Performing Arts']"
136,UC9gFih9rw0zNCK3ZtoKQQyA,JennaMarbles,2010-02-16T17:38:20.000Z,,3379815697,0,20000000,475,"['Entertainment', 'Pet', 'Lifestyle (Sociology)']"
137,UCmBA_wu8xGg1OfOkfW13Q0Q,Bad Bunny,2014-06-09T02:50:42.000Z,PR,5725562126,0,20000000,33,"['Music', 'Music Of Latin America']"
139,UCIPA6iWNaoetaa1T46RkzXw,AuthenticGames,2011-10-07T01:50:49.000Z,BR,7321075366,0,17800000,3796,"['Role-Playing Video Game', 'Video Game Culture']"
140,UC0v-tlzsn0QZwJnkiaUSJVQ,FBE,2007-06-04T09:55:54.000Z,US,8477637335,0,19700000,2125,"['Entertainment', 'Television Program']"
141,UCq3Ci-h945sbEYXpVlw7rJg,The Chainsmokers,2012-09-22T20:02:38.000Z,US,797562272,0,19800000,192,"['Pop Music', 'Electronic Music', 'Music']"
143,UCw8ZhLPdQ0u_Y-TLKd61hGA,1MILLION Dance Studio,2015-02-06T09:32:21.000Z,KR,4390571400,0,18400000,1737,"['Music', 'Entertainment', 'Pop Music', 'Lifestyle (Sociology)', 'Hobby', 'Performing Arts', 'Hip Hop Music', 'Soul Music', 'Rhythm And Blues']"
145,UC0VOyT2OCBKdQhF3BAbZ-1g,ArianaGrandeVevo,2010-10-21T23:38:49.000Z,,13088521518,0,18600000,110,"['Pop Music', 'Music']"
148,UCG8rbF3g2AMX70yOd8vqIZg,Logan Paul,2015-08-29T03:28:33.000Z,US,4759873133,0,20000000,654,['Entertainment']
151,UCUY6t_N9MyEWu6I0ZXkbtKA,Las Ratitas,2015-10-18T10:56:30.000Z,ES,5560764256,0,17500000,153,"['Lifestyle (Sociology)', 'Hobby']"
152,UClZF7OsrECe3t_ADrjZEh_Q,Geet MP3,2016-10-22T03:37:32.000Z,IN,4402668420,0,16300000,264,"['Entertainment', 'Film', 'Music Of Asia', 'Music']"
153,UCYVinkwSX7szARULgYpvhLw,Ali-A,2006-09-13T17:12:04.000Z,GB,4785452302,0,16500000,3306,"['Video Game Culture', 'Role-Playing Video Game', 'Action Game']"
154,UCGRtuAmEObNSmlOLDWzZfVg,Caeli,2010-09-22T15:51:25.000Z,,1464309338,0,16100000,518,"['Entertainment', 'Lifestyle (Sociology)']"
155,UCN9HPn2fq-NL8M5_kp4RWZQ,Sia,2007-11-19T18:43:20.000Z,,224205855,0,16100000,62,"['Music', 'Pop Music']"
156,UCa6vGFO9ty8v5KZJXQxdhaw,Jimmy Kimmel Live,2006-09-20T06:18:26.000Z,US,8731043246,0,15500000,4408,"['Entertainment', 'Television Program', 'Music']"
157,UCzoUWqjCbcfWFdOMvoep8FA,Juan De Dios Pantoja,2014-06-09T18:02:23.000Z,MX,1352721220,0,17400000,181,"['Entertainment', 'Music']"
158,UCeLHszkByNZtPKcaVXOCOQQ,Post Malone,2011-12-15T00:40:53.000Z,US,1399240517,0,15900000,30,"['Hip Hop Music', 'Music', 'Pop Music']"
159,UCwppdrjsBPAZg5_cUwQjfMQ,Charlie Puth,2009-09-09T21:32:32.000Z,US,6079727158,0,15800000,85,"['Music', 'Pop Music']"
160,UCucot-Zp428OwkyRm2I7v2Q,James Charles,2015-12-01T22:04:43.000Z,US,1777568159,0,16300000,240,"['Entertainment', 'Lifestyle (Sociology)']"
161,UCpB959t8iPrxQWj7G6n0ctQ,SSSniperWolf,2013-01-20T06:26:02.000Z,US,4401696632,0,17300000,2148,"['Entertainment', 'Lifestyle (Sociology)', 'Food']"
162,UCzVIrPfZBE-XkBISBybMBLA,Werevertumorro,2007-02-28T02:25:20.000Z,,2669325674,0,16500000,1045,"['Entertainment', 'Film', 'Music', 'Music Of Latin America', 'Humour']"
163,UC6pjHMC4QXMi4llCCjtDXWg,Lil pump,2015-10-15T22:04:28.000Z,,3272316879,0,16300000,42,"['Hip Hop Music', 'Music']"
164,UCG9gfnA5UDoLvz-tC9B-HKw,GMM GRAMMY OFFICIAL,2010-11-08T03:39:50.000Z,TH,16658452641,0,17100000,7106,"['Entertainment', 'Music']"
165,UC0ebPa2q1rwZVN7dYemunUQ,Erlania e Valentina Pontes,2014-04-14T03:10:28.000Z,BR,4552177113,0,16200000,726,"['Entertainment', 'Lifestyle (Sociology)', 'Hobby']"
166,UCy7whoHQXzhYxp9AQmrPFVw,Totoykids,2014-12-02T20:35:42.000Z,BR,7030980517,0,15600000,770,"['Entertainment', 'Film', 'Lifestyle (Sociology)', 'Hobby']"
167,UCgwv23FVv3lqh567yagXfNg,DisneyMusicVEVO,2010-05-20T13:09:24.000Z,,10085022663,0,16400000,998,"['Music', 'Pop Music']"
168,UCpGdL9Sn3Q5YWUH2DVUW1Ug,PopularMMOs,2012-04-17T17:18:29.000Z,,13451573780,0,16900000,4533,"['Video Game Culture', 'Role-Playing Video Game', 'Action Game']"
169,UCEWHPFNilsT0IfQfutVzsag,Porta dos Fundos,2012-03-12T04:30:27.000Z,BR,5345585034,0,16200000,1249,"['Entertainment', 'Film', 'Humour']"
170,UC57XAjJ04TY8gNxOWf-Sy0Q,5-Minute Crafts KIDS,2017-10-30T13:03:19.000Z,US,3250461878,0,15800000,2207,"['Lifestyle (Sociology)', 'Hobby', 'Food']"
171,UC4LHNX8d8RqnDX0OezgmCTg,TheWillyrex,2011-01-26T13:28:11.000Z,ES,5740921953,0,16000000,5629,"['Video Game Culture', 'Role-Playing Video Game', 'Action Game']"
172,UCkvK_5omS-42Ovgah8KRKtg,jeffreestar,2006-02-14T22:18:44.000Z,US,1975574984,0,16500000,358,"['Entertainment', 'Lifestyle (Sociology)']"
173,UCgFXm4TI8htWmCyJ6cVPG_A,Toys and Colors,2016-03-17T20:35:54.000Z,US,11008662065,0,16600000,340,"['Lifestyle (Sociology)', 'Hobby']"
174,UCEKWXRsfUHkan-D_ljU8Asw,Rajshri,2006-03-24T03:45:24.000Z,IN,9024567018,0,17100000,5614,"['Entertainment', 'Film', 'Music Of Asia', 'Music']"
175,UC2etEuPIfohP4P53wM0KImA,5-Minute Crafts GIRLY,2018-01-18T08:58:56.000Z,US,2984553137,0,16800000,1978,"['Lifestyle (Sociology)', 'Hobby', 'Food']"
176,UC4tS4Q_Cno5JVcIUXxQOOpA,Ricis Official,2016-01-15T15:57:39.000Z,ID,2145326650,0,17500000,731,"['Entertainment', 'Lifestyle (Sociology)']"
177,UCJFp8uSYCjXOMnkUyb3CQ3Q,Tasty,2016-01-22T23:05:31.000Z,US,3577781101,0,16600000,3471,"['Lifestyle (Sociology)', 'Food']"
178,UCmv1CLT6ZcFdTJMHxaR9XeA,PTXofficial,2011-09-10T17:09:59.000Z,,4139301204,0,17300000,205,"['Entertainment', 'Music', 'Christian Music', 'Performing Arts', 'Pop Music']"
179,UCWwqHwqLSrdWMgp5DZG5Dzg,Troom Troom,2015-09-12T13:49:04.000Z,US,5348145034,0,15900000,1069,"['Entertainment', 'Lifestyle (Sociology)', 'Hobby', 'Food']"
180,UComP_epzeKzvBX156r6pm1Q,AdeleVEVO,2009-10-15T19:07:17.000Z,,8499307833,0,15800000,31,"['Music', 'Soul Music', 'Rhythm And Blues', 'Pop Music']"
181,UCRWFSbif-RFENbBrSiez1DA,ABP NEWS,2012-06-01T10:23:46.000Z,IN,4283555008,0,17300000,132845,"['Society', 'Politics']"
182,UCttspZesZIDEwwpVIgoZtWQ,IndiaTV,2006-08-26T14:47:52.000Z,IN,5458124104,0,15600000,143919,"['Entertainment', 'Film', 'Society', 'Politics']"
183,UCZkURf9tDolFOeuw_4RD7XQ,Demi Lovato,2008-01-30T05:20:00.000Z,,399913938,0,15600000,189,"['Entertainment', 'Electronic Music', 'Music', 'Pop Music']"
184,UC_vcKmg67vjMP7ciLnSxSHQ,Amit Bhadana,2012-10-24T13:00:34.000Z,IN,1302309623,0,17300000,65,"['Entertainment', 'Film']"
185,UC4PooiX37Pld1T8J5SYT-SQ,Good Mythical Morning,2008-09-17T14:37:49.000Z,US,5909475318,0,15900000,2361,"['Entertainment', 'Television Program', 'Lifestyle (Sociology)', 'Food']"
186,UCsTcErHg8oDvUnTzoqsYeNw,Unbox Therapy,2010-12-21T08:00:23.000Z,,3292486951,0,15700000,1703,"['Lifestyle (Sociology)', 'Technology']"
187,UCgtNC51EUSgcZ6kKyVoPxKA,Becky G,2011-09-06T15:39:33.000Z,US,35801057,0,14900000,56,"['Sport', 'Music', 'Hip Hop Music', 'Pop Music']"
188,UCNL1ZadSjHpjm4q9j2sVtOA,Lady Gaga,2008-05-15T17:02:12.000Z,,116203032,0,14800000,163,"['Entertainment', 'Music', 'Pop Music']"
189,UCFkoPRmuxqr37jvGmmpzhzQ,MalumaVEVO,2011-06-15T21:07:25.000Z,,12695033919,0,14700000,111,"['Music Of Latin America', 'Music', 'Pop Music']"
190,UCCI5Xsd_gCbZb9eTeOf9FdQ,Like Nastya,2016-01-14T16:49:19.000Z,RU,4763566601,0,14900000,237,"['Entertainment', 'Lifestyle (Sociology)', 'Hobby']"
191,UCi9cDo6239RAzPpBZO9y5SA,Lele Pons,2015-09-19T01:11:59.000Z,US,3308902633,0,15300000,132,"['Entertainment', 'Television Program', 'Film']"
192,UCIR9VKPE70KJ4DX2zCjHObw,Canal IN,2017-07-21T20:36:59.000Z,BR,1725233195,0,14600000,334,"['Entertainment', 'Television Program', 'Film']"
193,UCPDis9pjXuqyI7RYLJ-TTSA,FailArmy,2011-07-05T10:47:32.000Z,US,1151026554,0,14700000,269,"['Entertainment', 'Lifestyle (Sociology)', 'Pet']"
194,UC0DZmkupLYwc0yDsfocLh0A,Jelly,2014-05-27T13:19:08.000Z,US,6568704599,0,14800000,3766,"['Video Game Culture', 'Action Game', 'Role-Playing Video Game']"
195,UCAuUUnT6oDeKwE6v1NGQxug,TED,2006-12-06T23:27:08.000Z,,1625406330,0,15400000,3166,"['Entertainment', 'Society']"
196,UCzI7wZyqk7jpXWT_MILjepw,Paulo Londra,2016-08-08T05:27:48.000Z,AR,3422426023,0,14300000,41,"['Music Of Latin America', 'Music', 'Hip Hop Music']"
197,UCHwBjRoGO1V-H8QYXjSVHkQ,Toys And Little Gaby,2012-10-06T21:21:59.000Z,GB,5837430091,0,14300000,287,"['Lifestyle (Sociology)', 'Hobby']"
198,UCMu5gPmKp5av0QCAajKTMhw,ERB,2006-02-08T06:56:54.000Z,US,3309864959,0,14600000,78,"['Music', 'Hip Hop Music']"
199,UC_W0_Nv-3rxpWVvosddhrPw,Doggy Doggy Cartoons,2012-12-11T21:07:17.000Z,ES,5521729966,0,15200000,2159,"['Entertainment', 'Lifestyle (Sociology)', 'Hobby', 'Film']"
200,UC5OrDvL9DscpcAstz7JnQGA,Michael Jackson,2005-06-22T06:40:53.000Z,,281112,0,15300000,1,['Music']
201,UCU_yU4xGT9hrVFo6euH8LLw,SlivkiShow,2012-12-11T08:59:55.000Z,UA,2764219631,0,15300000,297,"['Lifestyle (Sociology)', 'Food', 'Pet', 'Technology']"
202,UC6nSFpj9HTCZ5t-N3Rm3-HA,Vsauce,2007-07-30T20:43:33.000Z,,1708931859,0,14900000,366,"['Entertainment', 'Lifestyle (Sociology)', 'Television Program']"
203,UCB0d0JLn1WcGYcwwZ87d2LA,Rclbeauty101,2010-12-14T20:57:21.000Z,,3507044765,0,14400000,423,"['Entertainment', 'Lifestyle (Sociology)']"
204,UCw0ry7cLRUnq3Oaszlhgqfg,DLS News,2017-07-05T09:00:09.000Z,IN,659488290,0,14400000,834,"['Entertainment', 'Politics', 'Society']"
205,UCmh5gdwCx6lN7gEC20leNVA,David Dobrik,2014-12-19T22:35:03.000Z,US,6127915668,0,14400000,609,['Entertainment']
206,UC8rNKrqBxJqL9izOOMxBJtw,Willyrex,2009-08-09T08:55:32.000Z,,3869834533,0,14900000,5112,"['Video Game Culture', 'Action Game', 'Role-Playing Video Game']"
207,UC2xjgvWb9cx5F637XjsUNxw,toycantando,2009-07-07T22:32:01.000Z,CO,7131042234,0,14600000,351,"['Entertainment', 'Music', 'Film']"
208,UChMJkHCD2wdvSO7CMOuLR-w,Renato Garcia,2011-09-29T15:13:52.000Z,BR,2293844338,0,15300000,1978,"['Entertainment', 'Lifestyle (Sociology)', 'Vehicle']"
209,UC-SV8-bUJfXjrRMnp7F8Wzw,Roman Atwood Vlogs,2013-08-12T19:42:23.000Z,US,5157196361,0,15400000,1651,"['Entertainment', 'Lifestyle (Sociology)', 'Hobby']"
210,UCjK8ORC71kwyj1DWFwril_A,SelenaGomezVEVO,2009-11-24T23:11:30.000Z,US,7684901228,0,15200000,131,"['Electronic Music', 'Music', 'Pop Music']"
211,UCZU9T1ceaOgwfLRq7OKFU4Q,Linkin Park,2006-11-28T19:18:26.000Z,US,7625330282,0,15000000,492,"['Independent Music', 'Music', 'Rock Music', 'Pop Music']"
212,UCOhHO2ICt0ti9KAh-QHvttQ,Technical Guruji,2015-10-19T06:17:46.000Z,IN,1492542469,0,14600000,2654,"['Lifestyle (Sociology)', 'Technology']"
213,UCUtZaxDF3hD5VK4xRYFBePQ,Britain's Got Talent,2008-04-12T21:10:21.000Z,GB,8224161286,0,14200000,2585,"['Entertainment', 'Television Program', 'Music', 'Lifestyle (Sociology)', 'Performing Arts', 'Hobby']"
214,UC7eHZXheF8nVOfwB2PEslMw,ashish chanchlani vines,2009-07-06T18:33:43.000Z,IN,1515222142,0,14900000,132,"['Entertainment', 'Lifestyle (Sociology)', 'Film']"
215,UCi8e0iOVk1fEOogdfu4YgfA,Movieclips Trailers,2011-04-01T18:43:14.000Z,US,11062092501,0,14100000,8158,"['Entertainment', 'Film']"
216,UCcartHVtvAUzfajflyeT_Gg,Miss Katy,2014-11-17T09:50:46.000Z,GB,7556383996,0,15000000,681,"['Lifestyle (Sociology)', 'Hobby']"
217,UCN1hnUccO4FD5WfM7ithXaw,Maroon5VEVO,2009-05-12T05:28:41.000Z,US,13865673131,0,15300000,117,"['Music', 'Pop Music']"
218,UCaO6TYtlC8U5ttz62hTrZgg,jypentertainment,2008-01-25T07:45:44.000Z,,7660961934,0,14300000,1028,"['Music Of Asia', 'Music']"
219,UCfm4y4rHF5HGrSr-qbvOwOg,IISuperwomanII,2010-10-29T06:29:13.000Z,,3185859790,0,14900000,781,"['Entertainment', 'Music', 'Humour']"
220,UChM5Ff2yVeIZ16EWiB081cg,Reaction Time,2015-04-25T16:27:22.000Z,US,4316697530,0,14000000,1591,"['Entertainment', 'Lifestyle (Sociology)']"
221,UC_8PAD0Qmi6_gpe77S1Atgg,Mister Max,2014-09-22T04:34:06.000Z,GB,7940136548,0,14900000,756,"['Lifestyle (Sociology)', 'Hobby']"
222,UCrFiA0hztL9e8zTi_qBuW4w,EeOneGuy,2013-03-19T20:35:41.000Z,US,3412414637,0,14600000,315,"['Entertainment', 'Video Game Culture', 'Music', 'Action Game']"
223,UCCrw5RBWF9i8VPt4IxL8IsQ,Goldmines,2015-09-12T09:28:11.000Z,IN,3318394953,0,15400000,345,"['Entertainment', 'Film']"
224,UCRI7hheejBbWS6etTNwMT0g,Anuel AA,2016-09-08T22:18:13.000Z,CO,1472286675,0,14700000,28,"['Music Of Latin America', 'Music', 'Hip Hop Music']"
225,UCDPM_n1atn2ijUwHd0NNRQw,Coldplay,2010-01-03T14:28:39.000Z,GB,9509365953,0,15400000,220,"['Independent Music', 'Music', 'Rock Music', 'Pop Music']"
226,UCpEJRZdSpdVZ8vh63T9I2KQ,Funny Stacy,2017-04-22T16:42:23.000Z,,4668085366,0,14600000,185,"['Entertainment', 'Lifestyle (Sociology)', 'Hobby']"
227,UC6E2mP01ZLH_kbAyeazCNdg,Brave Wilderness,2014-09-08T22:58:06.000Z,,2883890488,0,15000000,555,"['Entertainment', 'Lifestyle (Sociology)', 'Pet', 'Hobby']"
228,UCEUf_uUDUfJJ3XfgwOxm-0A,Cia. Daniel Saboya,2007-09-22T16:17:49.000Z,BR,4436054280,0,15100000,902,"['Entertainment', 'Music Of Latin America', 'Music', 'Pop Music']"
230,UCqwUrj10mAEsqezcItqvwEw,BB Ki Vines,2015-06-20T08:40:00.000Z,IN,2094783982,0,15500000,151,"['Entertainment', 'Music', 'Film']"
231,UCMNmwqCtCSpftrbvR3KkHDA,Guava Juice,2006-07-18T07:06:47.000Z,US,6369362421,0,14600000,1407,"['Entertainment', 'Lifestyle (Sociology)', 'Film', 'Food']"
232,UCPOw2O3_uZ1doro9iR4x6vw,mmoshaya,2010-12-11T23:16:51.000Z,SA,7790495088,0,14100000,883,"['Entertainment', 'Lifestyle (Sociology)', 'Hobby']"
233,UCjtLOfx1yt1NlnFIDyAX3Ug,W2S,2012-07-26T13:57:46.000Z,,4242447617,0,14700000,650,"['Sport', 'Sports Game', 'Entertainment', 'Video Game Culture', 'Lifestyle (Sociology)', 'Association Football']"
234,UCY8LnVxm0Hf7DKPKuLPxb2g,ExtraPolinesios,2012-06-03T22:54:26.000Z,,3528572902,0,14200000,388,"['Entertainment', 'Music', 'Television Program']"
235,UCD1Em4q90ZUK2R5HKesszJg,Clash of Clans,2013-01-31T13:19:49.000Z,,2076416210,0,14800000,349,"['Strategy Video Game', 'Video Game Culture', 'Action Game', 'Role-Playing Video Game']"
236,UCHDeuavvkVwDyJgRFVfbpXA,JukiLop,2017-09-15T07:32:20.000Z,MX,1033704147,0,14900000,80,"['Entertainment', 'Music']"
237,UCrHL_BF5lHyK43BxLU8-vBQ,jbalvinVEVO,2010-09-30T00:52:45.000Z,CO,12697402910,0,13700000,155,"['Music', 'Music Of Latin America']"
238,UClkRzsdvg7_RKVhwDwiDZOA,JFlaMusic,2011-08-22T11:36:50.000Z,,2502096854,0,13700000,241,"['Pop Music', 'Music']"
239,UCdxi8d8qRsRyUi2ERYjYb-w,TheRichest,2014-01-20T23:15:33.000Z,US,5137237932,0,13700000,2396,"['Film', 'Lifestyle (Sociology)', 'Entertainment']"
240,UCaum3Yzdl3TbBt8YUeUGZLQ,NickiMinajAtVEVO,2010-04-01T19:46:26.000Z,US,6802370495,0,13200000,64,"['Pop Music', 'Hip Hop Music', 'Music']"
241,UCn7dB9UMTBDjKtEKBy_XISw,Miley Cyrus,2009-09-15T16:46:26.000Z,,363095725,0,13300000,77,"['Pop Music', 'Music', 'Entertainment']"
242,UCo4ywJQXfUIB0lCBpczW3cA,Tu COSMOPOLIS,2014-08-28T02:39:43.000Z,MX,2774173768,0,13200000,2355,"['Film', 'Society', 'Lifestyle (Sociology)', 'Entertainment']"
243,UCT2X19JJaJGUN7mrYuImANQ,America's Got Talent,2006-06-29T21:06:24.000Z,US,3137858226,0,13800000,2218,"['Television Program', 'Music', 'Performing Arts', 'Entertainment']"
244,UCvC4D8onUfXzvjTOM-dBfEA,Marvel Entertainment,2005-06-16T12:09:27.000Z,US,3062986077,0,13400000,6475,"['Film', 'Action Game', 'Video Game Culture', 'Lifestyle (Sociology)', 'Entertainment']"
245,UCKe6w0exI94U-RzqAyoY1VA,Maria Clara & JP,2015-09-06T02:20:01.000Z,BR,4719586584,0,13600000,423,"['Hobby', 'Lifestyle (Sociology)', 'Entertainment']"
246,UCyWqModMQlbIo8274Wh_ZsQ,Cyprien,2007-02-25T22:14:05.000Z,,2373102359,0,13400000,165,"['Film', 'Lifestyle (Sociology)', 'Entertainment']"
247,UClnKzwo9CPkYix6V9jK4JTQ,Musas,2012-08-28T06:20:52.000Z,,1808585597,0,13600000,530,"['Food', 'Lifestyle (Sociology)', 'Entertainment']"
248,UCq3zaHCaZtb3TtNwwz0PK2w,DisneyChannelLA,2007-12-12T19:17:18.000Z,,9365860706,0,13300000,3826,"['Television Program', 'Entertainment']"
249,UCilwZiBBfI9X6yiZRzWty8Q,FaZe Rug,2012-07-12T00:08:08.000Z,US,2792075291,0,13600000,1514,"['Lifestyle (Sociology)', 'Entertainment']"
250,UCrDkAvwZum-UTjHmzDI2iIw,officialpsy,2010-10-04T02:50:53.000Z,,7295412171,0,13200000,88,"['Pop Music', 'Electronic Music', 'Music']"
251,UChOPyo-uWLVi5uO53mSBX-w,Noor Stars,2014-04-24T18:04:33.000Z,AE,1617614386,0,13600000,465,"['Lifestyle (Sociology)', 'Entertainment']"
252,UCVttQE6tS_agDSAU61Q65aA,EnriqueIglesiasVEVO,2009-05-12T05:27:52.000Z,,12214583668,0,13500000,126,"['Pop Music', 'Music', 'Music Of Latin America']"
253,UC65afEgL62PGFWXY7n6CUbA,Trap City,2012-10-12T16:32:00.000Z,NL,3692701119,0,13200000,1857,"['Electronic Music', 'Hip Hop Music', 'Music']"
254,UCPDXXXJj9nax0fr0Wfc048g,CollegeHumor,2006-10-09T14:14:10.000Z,US,7124056776,0,13500000,3527,"['Film', 'Television Program', 'Entertainment']"
255,UCD9PZYV5heAevh9vrsYmt1g,Wengie,2010-09-09T14:41:42.000Z,US,1560949720,0,13900000,268,"['Hobby', 'Food', 'Lifestyle (Sociology)']"
256,UCR4s1DE9J4DHzZYXMltSMAg,HowToBasic,2011-12-08T10:47:20.000Z,AU,2320723552,0,13900000,504,"['Hobby', 'Technology', 'Food', 'Lifestyle (Sociology)']"
257,UCP84QWij0alw4MvzqzyfOnw,KHANDESHI MOVIES,2013-11-11T17:24:30.000Z,IN,3978540184,0,13400000,100,"['Film', 'Entertainment']"
258,UCWeg2Pkate69NFdBeuRFTAw,SQUEEZIE,2011-01-09T01:56:21.000Z,FR,6859692392,0,13700000,1341,"['Music', 'Video Game Culture', 'Lifestyle (Sociology)', 'Entertainment']"
259,UCgc00bfF_PvO_2AvqJZHXFg,Boyce Avenue,2007-09-02T13:10:42.000Z,US,4872941447,0,13200000,373,"['Pop Music', 'Music']"
260,UCfaZw8XH_zmAVkBst_MPD6w,CKN Toys,2015-03-28T04:11:34.000Z,AU,12571311384,0,13800000,601,"['Hobby', 'Lifestyle (Sociology)']"
261,UCMJ5Qf3sOvQpcYiai1Noa3Q,Major Lazer,2009-04-30T17:04:58.000Z,,6788251952,0,12700000,295,"['Pop Music', 'Electronic Music', 'Music']"
262,UC2bYhAHyaqfWlPXWBVk4BcA,Enaldinho,2012-11-07T23:22:51.000Z,BR,1925960758,0,12400000,747,"['Lifestyle (Sociology)', 'Entertainment', 'Food', 'Film']"
263,UCSyoRFkB5xkaa3ScUcBaETw,Mariale,2010-01-06T01:20:34.000Z,US,1222991694,0,12400000,998,"['Lifestyle (Sociology)', 'Entertainment']"
264,UCC-RHF_77zQdKcA75hr5oTQ,FGTeeV,2013-05-24T04:54:22.000Z,US,12579379326,0,12300000,1294,"['Action Game', 'Video Game Culture']"
265,UCKL5hAuzgFQsyrsQKgU0Qng,GMA Network,2006-11-20T08:10:55.000Z,PH,13431513116,0,12800000,79520,"['Film', 'Entertainment', 'Lifestyle (Sociology)', 'Television Program']"
268,UCpcsv3Ow-8IhoUGDEfPetsQ,Venus Movies,2010-03-15T15:16:18.000Z,IN,4787870410,0,12800000,2622,"['Film', 'Entertainment']"
269,UCke6I9N4KfC968-yRcd5YRg,SSundee,2009-11-28T02:52:35.000Z,US,5423892429,0,12600000,2262,"['Action Game', 'Video Game Culture', 'Role-Playing Video Game']"
270,UCio_FVgKVgqcHrRiXDpnqbw,Camila Cabello,2015-08-11T03:54:57.000Z,,66467697,0,12200000,30,"['Lifestyle (Sociology)', 'Pop Music', 'Hip Hop Music', 'Reggae', 'Music', 'Music Of Latin America']"
271,UCpVm7bg6pXKo1Pr6k5kxG9A,National Geographic,2006-05-07T09:30:39.000Z,US,3368742585,0,12600000,9282,"['Lifestyle (Sociology)', 'Entertainment']"
272,UCrGnb5RdHA9M6WGmBGYo4ZQ,AM3NlC,2012-12-15T02:44:30.000Z,BR,3860769908,0,13000000,4240,"['Lifestyle (Sociology)', 'Entertainment', 'Action Game', 'Video Game Culture', 'Role-Playing Video Game']"
273,UCUK0HBIBWgM2c4vsPhkYY4w,The Slow Mo Guys,2010-08-15T13:51:49.000Z,US,1858844252,0,13000000,263,"['Lifestyle (Sociology)', 'Entertainment']"
274,UCm1dsgJNnhaLkY3uAdqN4mA,ChrisBrownVEVO,2009-10-15T19:08:16.000Z,,8944328920,0,12400000,232,"['Soul Music', 'Rhythm And Blues', 'Music']"
275,UCbAiIkPobUFy71zlmwVw3jw,Fatos Desconhecidos,2013-09-26T03:43:53.000Z,BR,1657011729,0,12800000,2774,"['Film', 'Entertainment', 'Lifestyle (Sociology)', 'Society']"
276,UC3zVeAaoPEN1Tu25dW3G2Ig,Sonotek,2011-01-11T07:29:23.000Z,IN,4510582524,0,13000000,8146,"['Music Of Asia', 'Music']"
278,UCfRNJiafEm1LBBGFTTq4cXw,GEN HALILINTAR,2015-03-04T16:38:59.000Z,ID,2217393046,0,12500000,608,"['Lifestyle (Sociology)', 'Entertainment']"
279,UCkCa2NoZlJlfJlMKgZhtKOQ,Calon Sarjana,2016-01-20T07:08:09.000Z,ID,2591474751,0,12400000,1197,"['Lifestyle (Sociology)', 'Entertainment', 'Health']"
280,UCH2VZQBLFTOp6I_qgnBJCuQ,Canal Nostalgia,2008-09-20T22:44:20.000Z,BR,1071042815,0,12500000,323,"['Film', 'Entertainment']"
281,UCzTKskwIc_-a0cGvCXA848Q,NikkieTutorials,2008-06-23T17:34:43.000Z,NL,1154404085,0,12300000,757,['Lifestyle (Sociology)']
282,UCKHhA5hN2UohhFDfNXB_cvQ,Manual do Mundo,2006-07-24T13:42:36.000Z,BR,2231166905,0,12800000,1525,"['Lifestyle (Sociology)', 'Food', 'Technology', 'Hobby']"
283,UCqjjyPUghDSSKFBABM_CXMw,Anitta,2011-11-02T16:05:10.000Z,,4158873922,0,12800000,55,"['Pop Music', 'Music Of Latin America', 'Music']"
284,UCqJ5zFEED1hWs0KNQCQuYdQ,Mikecrack,2015-07-13T21:16:29.000Z,ES,4410507999,0,12600000,1316,"['Film', 'Entertainment', 'Action Game', 'Video Game Culture', 'Role-Playing Video Game']"
286,UCaHEdZtk6k7SVP-umnzifmQ,TheDonato,2015-02-17T02:53:14.000Z,VE,1561755349,0,12600000,957,"['Action Game', 'Video Game Culture', 'Role-Playing Video Game']"
287,UCMtpmPs9end-dTNwVq16g4Q,Fifth Harmony,2013-02-21T23:21:41.000Z,,132773614,0,13000000,67,"['Pop Music', 'Music']"
288,UCo8bcnLyZH8tBIH9V1mLgqQ,TheOdd1sOut,2014-08-30T18:08:02.000Z,US,2543294641,0,13200000,113,"['Film', 'Entertainment', 'Lifestyle (Sociology)']"
289,UC5H_KXkPbEsGs0tFt8R35mA,Martin Garrix,2011-01-15T20:39:18.000Z,NL,3912975093,0,13000000,128,"['Entertainment', 'Pop Music', 'Electronic Music', 'Music']"
290,UCbD8EppRX3ZwJSou-TVo90A,Mnet K-POP,2006-03-09T02:12:08.000Z,,7321857349,0,12300000,17505,"['Entertainment', 'Music Of Asia', 'Television Program', 'Music']"
291,UCaHNFIob5Ixv74f5on3lvIw,CalvinHarrisVEVO,2009-10-15T19:08:07.000Z,,11410023467,0,12400000,127,"['Pop Music', 'Electronic Music', 'Music']"
292,UCUAL--p3qAa27luR0IYbjZA,Pencilmation,2007-02-01T03:30:32.000Z,US,6349216518,0,12800000,561,"['Film', 'Entertainment']"
293,UCBqFKDipsnzvJdt6UT0lMIg,Sandeep Maheshwari,2012-02-13T08:05:01.000Z,IN,701276503,0,12700000,251,"['Entertainment', 'Television Program']"
294,UCq_oSgHK9lk6NUUgkhUOPnw,DeToxoMoroxo,2012-09-03T17:26:53.000Z,MX,1513533713,0,13000000,359,"['Film', 'Entertainment', 'Video Game Culture']"
295,UClVrJwcIy7saPcGc1nct80A,Fueled By Ramen,2006-06-09T17:05:01.000Z,US,11762693918,0,12600000,1168,"['Pop Music', 'Rock Music', 'Independent Music', 'Music']"
296,UCplkk3J5wrEl0TNrthHjq4Q,Kurt Hugo Schneider,2007-10-16T06:13:34.000Z,,3096637648,0,12500000,512,"['Pop Music', 'Music']"
298,UCcMTZY1rFXO3Rj44D5VMyiw,Machinima,2006-01-17T01:37:54.000Z,US,0,0,12200000,0,['Video Game Culture']
299,UCRm96I5kmb_iGFofE5N691w,Bollywood Classics,2012-04-02T07:33:16.000Z,IN,6556013730,0,12900000,1801,"['Music Of Asia', 'Music']"
300,UCNhqvQMXIgRfjAGmxQqdNRw,Rotana,2012-01-10T10:45:12.000Z,SA,8187663909,0,12600000,7027,['Music']
301,UCelMeixAOTs2OQAAi9wU8-g,CookieSwirlC,2013-11-03T19:07:44.000Z,,12172565800,0,12400000,3219,"['Lifestyle (Sociology)', 'Video Game Culture', 'Hobby']"
303,UCmdY1pHB-KbFYxOyhwjVeQw,MattyBRaps,2010-05-31T20:39:40.000Z,,5958325766,0,12700000,249,"['Pop Music', 'Music']"
304,UCZuPJZ2kGFdlbQu1qotZaHw,KAROL G,2013-03-14T19:27:50.000Z,CO,402484751,0,12400000,82,"['Music Of Latin America', 'Music']"
306,UC_hSjGOO67A6gIDUcyuv_8A,Infinite,2014-08-21T23:02:11.000Z,US,1982098655,0,13200000,903,"['Entertainment', 'Video Game Culture']"
307,UCIvqWqjC4aLvp7zI8hzARrA,Little Mix,2011-11-30T16:21:06.000Z,GB,73972318,0,12700000,247,"['Entertainment', 'Pop Music', 'Music']"
308,UC2tsySbe9TNrI-xh2lximHA,A4,2014-11-29T10:59:53.000Z,BY,969716152,0,12500000,142,"['Lifestyle (Sociology)', 'Entertainment']"
310,UCKy1dAqELo0zrOtPkf0eTMw,IGN,2006-09-19T03:13:01.000Z,,9640047765,0,12600000,135313,"['Film', 'Entertainment', 'Action Game', 'Video Game Culture', 'Role-Playing Video Game']"
311,UCopY0NAzASqmD6eVaRj2TFQ,White Hill Music,2014-03-23T09:52:27.000Z,IN,4192660469,0,11700000,3826,"['Music Of Asia', 'Music']"
312,UCn8zNIfYAQNdrFRrr8oibKw,VICE,2005-12-16T04:20:47.000Z,US,2486971841,0,11800000,2810,"['Lifestyle (Sociology)', 'Entertainment']"
313,UC1zZE_kJ8rQHgLTVfobLi_g,The King of Random,2010-01-04T03:15:19.000Z,US,2681486658,0,12100000,1036,"['Food', 'Lifestyle (Sociology)']"
314,UCN8S4CqMRy6tVKVXvs7Bzeg,Wow Kidz,2015-06-27T10:37:38.000Z,IN,6411338952,0,12300000,4547,"['Film', 'Entertainment']"
315,UCr8RjWUQ_9KYcIPmWiqBroQ,Jennifer Lopez,2005-11-18T12:49:34.000Z,US,238174990,0,12000000,124,"['Pop Music', 'Entertainment', 'Music']"
316,UCw1SQ6QRRtfAhrN_cjkrOgA,LazarBeam,2015-01-04T23:17:08.000Z,AU,3872193907,0,11900000,1129,"['Action Game', 'Role-Playing Video Game', 'Video Game Culture']"
317,UCh7EqOZt7EvO2osuKbIlpGg,Lachlan,2013-03-19T14:29:20.000Z,,3490003792,0,12200000,3291,"['Action Game', 'Role-Playing Video Game', 'Video Game Culture']"
318,UCzw-C7fNfs018R1FzIKnlaA,BIGBANG,2005-10-10T05:35:01.000Z,KR,5533787386,0,11700000,773,"['Rhythm And Blues', 'Music Of Asia', 'Music']"
319,UCo_IB5145EVNcf8hw1Kku7w,The Game Theorists,2009-08-22T18:01:46.000Z,US,2130121877,0,12200000,456,"['Action Game', 'Role-Playing Video Game', 'Video Game Culture']"
320,UCvpDeGlR5wLP9Z3Tb6K0Xfg,SAM SMITH,2012-09-14T18:59:03.000Z,,106707138,0,12000000,12,"['Pop Music', 'Music']"
321,UC5tuYcCdiKuF5Y2ZonuarwA,Jkk Entertainment,2017-03-20T12:55:35.000Z,IN,3828354609,0,12300000,108,"['Film', 'Entertainment', 'Humour']"
322,UCe3yZzUwpmy2eKKmF9svX0Q,Jason Derulo,2008-07-21T18:10:58.000Z,,5909293330,0,11900000,259,"['Pop Music', 'Rhythm And Blues', 'Soul Music', 'Music', 'Electronic Music']"
323,UCWOA1ZGywLbqmigxE4Qlvuw,Netflix,2012-07-17T20:45:36.000Z,US,2337212069,0,11700000,3327,"['Film', 'Entertainment', 'Television Program']"
324,UCyC_4jvPzLiSkJkLIkA7B8g,Lindsey Stirling,2007-05-20T23:36:53.000Z,US,2750878803,0,12100000,127,"['Pop Music', 'Music', 'Electronic Music', 'Christian Music']"
325,UC5nc_ZtjKW1htCVZVRxlQAQ,MrSuicideSheep,2010-04-09T15:30:04.000Z,CA,5170264492,0,0,2438,"['Pop Music', 'Music', 'Electronic Music', 'Independent Music']"
326,UCkuPobJMx7DPUdwlVo1TFfA,Drawblogs,2014-05-20T15:12:39.000Z,PE,1215767728,0,11900000,254,"['Film', 'Entertainment', 'Lifestyle (Sociology)']"
327,UCgO5cJ4sL1um054gGYusjiA,LEGENDA FUNK,2013-05-11T14:43:52.000Z,BR,2408079362,0,11800000,4757,"['Music', 'Hip Hop Music', 'Music Of Latin America']"
328,UCevY-z55kr37ZAXG15F-KiA,Makiman131,2013-02-12T01:30:13.000Z,ES,3093980300,0,12100000,2547,"['Lifestyle (Sociology)', 'Entertainment', 'Vehicle']"
329,UC_OLtzRJdg0MJfiqGWAAIHw,IDEAS EN 5 MINUTOS,2017-10-30T10:03:48.000Z,,2124074190,0,11900000,2733,"['Food', 'Lifestyle (Sociology)', 'Hobby']"
330,UCz2SUbUr2k0T3nEmutgsPjg,Hear This Music,2016-02-13T03:01:33.000Z,PR,5919060898,0,11800000,31,"['Music', 'Hip Hop Music', 'Music Of Latin America']"
331,UCyJrhZm9KXrzRub3-wD2zWg,TheBrianMaps,2012-06-04T06:46:35.000Z,RU,2701258009,0,12200000,394,"['Food', 'Lifestyle (Sociology)', 'Entertainment']"
332,UCGdPm5Aq081vVD7ih9jZf6Q,FactTechz,2016-07-24T14:10:28.000Z,IN,920911098,0,11600000,229,"['Film', 'Entertainment']"
333,UCjwmbv6NE4mOh8Z8VhPUx1Q,Rosanna Pansino,2010-04-08T03:13:31.000Z,US,2883166501,0,11700000,725,"['Food', 'Lifestyle (Sociology)', 'Entertainment']"
334,UCYM02HkL0C3V1hAzw0HUXUw,Sandra Cires Art,2011-09-27T01:31:50.000Z,US,1881147049,0,11700000,789,"['Food', 'Lifestyle (Sociology)', 'Entertainment', 'Hobby']"
335,UCfLuMSIDmeWRYpuCQL0OJ6A,Kwebbelkop,2008-04-02T06:56:24.000Z,US,4818748665,0,11700000,4202,"['Film', 'Entertainment', 'Role-Playing Video Game', 'Video Game Culture', 'Action Game', 'Lifestyle (Sociology)']"
336,UCgSMDG8aGE3YHfBCXHuPpYA,Katie Angel,2015-05-19T23:32:25.000Z,US,1542198953,0,11700000,358,"['Lifestyle (Sociology)', 'Entertainment', 'Music', 'Music Of Latin America']"
337,UCClNRixXlagwAd--5MwJKCw,H2ODelirious,2007-05-24T08:44:07.000Z,,3085171365,0,12100000,1963,"['Action Game', 'Role-Playing Video Game', 'Video Game Culture']"
338,UCIEv3lZ_tNXHzL3ox-_uUGQ,Gordon Ramsay,2006-04-29T00:58:53.000Z,,2007662712,0,11800000,800,"['Food', 'Lifestyle (Sociology)', 'Entertainment', 'Television Program']"
339,UCnyB9MYKRkSFK3IIB32CoVw,DemiLovatoVEVO,2009-05-12T05:27:44.000Z,,4615613333,0,11800000,165,"['Pop Music', 'Music']"
340,UCtinbF-Q-fVthA0qrFQTgXQ,CaseyNeistat,2010-02-15T22:06:07.000Z,,2694923043,0,11600000,1020,"['Lifestyle (Sociology)', 'Entertainment']"
341,UCmphdqZNmqL72WJ2uyiNw5w,ABP NEWS HINDI,2017-03-03T11:52:10.000Z,IN,2134441765,0,11800000,54911,"['Politics', 'Entertainment', 'Society']"
342,UCHEf6T_gVq4tlW5i91ESiWg,REACT,2013-07-30T10:19:47.000Z,US,4289638728,0,12200000,1807,"['Entertainment', 'Simulation Video Game', 'Video Game Culture', 'Television Program']"
343,UC6paX0kLA8D81aYogceMufw,Kids Fun,2015-08-26T14:27:32.000Z,BR,2840348217,0,11700000,937,"['Lifestyle (Sociology)', 'Entertainment']"
344,UCYLlkv4hivYJlOk6Lo-RHNQ,Wave Music - Bhojpuri,2014-08-10T04:44:59.000Z,IN,6779246701,0,12000000,17927,"['Music Of Asia', 'Music']"
345,UCWJ2lWNubArHWmf3FIHbfcQ,NBA,2005-11-21T01:20:33.000Z,US,6022501608,0,12200000,31783,"['Sport', 'Basketball']"
346,UCRzzwLpLiUNIs6YOPe33eMg,ChainsmokersVEVO,2012-10-22T23:24:58.000Z,,9299547081,0,11900000,171,['Music']
347,UCddYq41_tZ1FnLlguLT6-Ow,Parafernalha,2011-05-13T20:55:02.000Z,BR,3431774647,0,12100000,831,"['Film', 'Entertainment']"
348,UCbomPUMyPHCgrqD5iYnzj1A,Worldwide Records Bhojpuri,2012-03-15T09:03:23.000Z,IN,5465001658,0,11700000,2991,"['Music Of Asia', 'Music']"
350,UCWRV5AVOlKJR1Flvgt310Cw,Zoella,2007-02-02T11:22:11.000Z,,1113388137,0,11600000,377,"['Lifestyle (Sociology)', 'Entertainment']"
351,UC0YFjwJc3b1otDerdv6CfWA,XpressTV,2014-11-17T16:35:10.000Z,MX,2072414738,0,11500000,344,"['Entertainment', 'Film', 'Lifestyle (Sociology)']"
352,UCFWsjsN53Sqvg2pWhSFmWBQ,GRAMMY GOLD OFFICIAL,2014-01-15T17:12:46.000Z,TH,10356996419,0,11200000,3722,['Music']
353,UC5BMQOsAB8hKUyHu9KI6yig,KBS World TV,2007-01-06T03:50:16.000Z,KR,7614753987,0,11200000,38747,"['Entertainment', 'Television Program', 'Music']"
354,UCF_fDSgPpBQuh1MsUTgIARQ,TheWeekndVEVO,2011-07-13T16:58:00.000Z,CA,8174598136,0,11000000,44,"['Soul Music', 'Music', 'Rhythm And Blues', 'Pop Music']"
355,UCpqXJOEqGS-TCnazcHCo0rA,theRadBrad,2006-11-27T02:24:34.000Z,US,4370592622,0,10800000,6465,"['Video Game Culture', 'Role-Playing Video Game', 'Action Game']"
356,UCjBO43ykxlSs3j7F7EXcBUQ,TazerCraft,2011-07-13T00:08:52.000Z,BR,3990133500,0,11400000,3232,"['Video Game Culture', 'Role-Playing Video Game', 'Action Game']"
357,UCmyIMuo8zRYgLshDff0vLuw,Vete a la Versh,2009-02-15T18:56:57.000Z,MX,1660589537,0,10800000,119,"['Entertainment', 'Film', 'Video Game Culture']"
358,UCAOtE1V7Ots4DjM8JLlrYgg,Peppa Pig - Official Channel,2013-10-09T13:07:35.000Z,US,4074099628,0,10900000,337,"['Entertainment', 'Film', 'Music']"
359,UCdLGCJcIGu5ExzYN6CXtkIw,Kaykai Salaider,2011-01-24T14:41:57.000Z,TH,2148495080,0,11500000,260,"['Entertainment', 'Lifestyle (Sociology)', 'Food']"
360,UC-4kjzuh4822B9yPSgpZQgA,Matheus Yurley,2015-01-27T00:37:14.000Z,BR,595750608,0,11600000,209,"['Entertainment', 'Lifestyle (Sociology)']"
361,UCczFdwWpVEpoqb-eMm4c4dQ,Matt Steffanina,2011-09-01T20:11:41.000Z,US,2010195185,0,11200000,315,"['Entertainment', 'Hip Hop Music', 'Lifestyle (Sociology)', 'Performing Arts', 'Hobby', 'Pop Music', 'Music']"
362,UCWr4vlkj5xXQ4bSXNeTT2AA,Baby Big Mouth,2013-03-05T05:29:19.000Z,,11926303761,0,11100000,4074,"['Lifestyle (Sociology)', 'Hobby']"
363,UC2WuPTt0k8yDJpfenggOAVQ,Blossom,2017-06-01T16:42:51.000Z,US,3034377742,0,11400000,276,"['Lifestyle (Sociology)', 'Hobby', 'Food']"
364,UC2t5bjwHdUX4vM2g8TRDq5g,League of Legends,2009-02-09T20:19:08.000Z,US,3424597300,0,11400000,1041,"['Video Game Culture', 'Role-Playing Video Game', 'Music', 'Strategy Video Game', 'Action Game']"
365,UChLN0bJgq6d15OK2HVB4YTg,SIS vs BRO,2016-03-03T16:06:20.000Z,CA,4637337575,0,11400000,321,"['Lifestyle (Sociology)', 'Hobby', 'Food']"
366,UC6sSkkemzPjmrzS0Y0V_2zw,Tiana,2015-04-05T10:35:02.000Z,GB,2748462824,0,11200000,700,"['Entertainment', 'Lifestyle (Sociology)', 'Hobby', 'Food']"
367,UCl_AQeO6ynSDRSjclc1e16Q,FitDance,2013-12-26T19:41:03.000Z,BR,3704164219,0,11300000,1376,"['Music', 'Music Of Latin America']"
368,UCs2t9DlvAuyTBkvk2djGZKw,Genierock,2008-03-09T10:12:35.000Z,TH,9274672326,0,11200000,1016,['Music']
369,UCR3vcUrhFUdzagng58ueI2w,Invento na Hora,2014-10-18T16:49:42.000Z,,2079534948,0,11300000,706,"['Entertainment', 'Lifestyle (Sociology)']"
370,UCxMAbVFmxKUVGAll0WVGpFw,Cardi B,2016-12-01T14:44:07.000Z,,3484373068,0,11700000,39,['Music']
371,UCwHE1kM1CPJd_pI9FQ0-4dg,shfa,2015-03-29T08:55:45.000Z,AE,3833604164,0,11400000,418,"['Entertainment', 'Lifestyle (Sociology)', 'Hobby']"
372,UCf31Gf5nCU8J6eUlr7QSU0w,Marmok,2008-04-27T20:24:32.000Z,,1700836863,0,11100000,272,"['Video Game Culture', 'Role-Playing Video Game', 'Action Game']"
373,UCbt4SegZBQLeXMTMvnrfZtw,Gato Galactico,2013-04-02T19:53:37.000Z,BR,2677473569,0,11200000,1059,"['Video Game Culture', 'Entertainment', 'Role-Playing Video Game', 'Film']"
374,UCKlhpmbHGxBE6uw9B_uLeqQ,Sky Does Everything,2011-02-28T04:00:46.000Z,US,3840641289,0,11500000,1959,"['Video Game Culture', 'Role-Playing Video Game', 'Action Game']"
375,UCCEmjNPpJYhGDgaEqeeA4HA,TheGrefg,2012-01-30T19:13:31.000Z,ES,3193184737,0,11600000,2630,"['Video Game Culture', 'Role-Playing Video Game', 'Action Game']"
376,UC-J-KZfRV8c13fOCkhXdLiQ,Dua Lipa,2011-02-05T14:36:44.000Z,GB,3881487039,0,11400000,93,"['Music', 'Pop Music']"
377,UCNdqe5zJ6k-i7XKoYWA4Z2g,Wassabi,2006-01-25T21:36:06.000Z,US,4259970610,0,11500000,962,"['Entertainment', 'Lifestyle (Sociology)']"
378,UCG0HA4uyuuzPzeq_US_ywVg,Enes Batur,2012-11-18T17:55:16.000Z,TR,5488602237,0,11300000,1815,"['Entertainment', 'Lifestyle (Sociology)']"
379,UCNbwP-bKUlKrE_5qDwvFILQ,Antrax,2015-05-25T00:45:42.000Z,MX,1581939359,0,11300000,396,"['Video Game Culture', 'Entertainment', 'Role-Playing Video Game', 'Lifestyle (Sociology)', 'Action Game']"
380,UC9lSZSYpDDE18hoFA7YlBpw,Tfue,2014-05-23T05:46:36.000Z,US,1111838814,0,11300000,594,"['Video Game Culture', 'Role-Playing Video Game', 'Action Game']"
381,UCtylTUUVIGY_i5afsQYeBZA,Lyrical Lemonade,2013-03-25T21:25:06.000Z,US,4115431982,0,11500000,345,"['Hip Hop Music', 'Music']"
382,UCM44x9uWlx__9M9Y2IFhxzQ,HiMan,2014-10-16T08:45:28.000Z,RU,814509174,0,11400000,146,"['Entertainment', 'Vehicle', 'Lifestyle (Sociology)']"
383,UCiMhD4jzUqG-IgPzUmmytRQ,Queen Official,2008-07-07T13:35:27.000Z,GB,5615125048,0,11000000,798,"['Rock Music', 'Music']"
384,UCvA9_f5Lwk-poMynabtrZPg,Rans Entertainment,2015-12-27T15:23:13.000Z,ID,1719828342,0,11200000,896,"['Entertainment', 'Music', 'Lifestyle (Sociology)']"
385,UCBwSufNse8VMBvQM_rCSvgQ,Morgz,2014-06-10T17:42:37.000Z,GB,1953228003,0,10800000,610,"['Entertainment', 'Film']"
386,UCwQSkyrft0ohf-ra21yIs9Q,EU FICO LOKO,2010-06-11T22:06:25.000Z,,1000710666,0,11200000,899,['Entertainment']
387,UChPa3fnlI3RKuzEbeEPKRFw,Everson Zoio,2009-03-26T22:02:20.000Z,BR,741048256,0,11300000,392,"['Entertainment', 'Music', 'Lifestyle (Sociology)', 'Food']"
388,UCgdnrd2Ae_H07_N8j1l18Xw,Dani Russo Tv,2014-07-15T03:28:04.000Z,BR,529561410,0,11300000,170,"['Entertainment', 'Music', 'Lifestyle (Sociology)']"
389,UCE76CBkDX591pxzps6bySOw,Super Polina,2014-07-08T13:34:05.000Z,US,3154031238,0,10900000,348,"['Lifestyle (Sociology)', 'Hobby']"
390,UC56cowXhoqRWHeqfSJkIQaA,Bounce Patrol - Kids Songs,2013-01-01T01:37:50.000Z,AU,6243918356,0,11000000,164,"['Entertainment', 'Film', 'Music']"
391,UCu6oyJJ6PlkeNNv6n26ZNyA,Troom Troom Es,2016-02-05T10:01:45.000Z,,2631257823,0,10900000,1020,"['Lifestyle (Sociology)', 'Hobby', 'Food']"
392,UC1SqP7_RfOC9Jf9L_GRHANg,AviciiOfficialVEVO,2011-11-29T14:45:01.000Z,,6762152584,0,11300000,142,"['Electronic Music', 'Music']"
393,UCe_vXdMrHHseZ_esYUskSBw,CrazyRussianHacker,2012-05-18T19:29:15.000Z,US,2690414457,0,11200000,1440,"['Technology', 'Lifestyle (Sociology)', 'Food']"
394,UC4-TgOSMJHn-LtY4zCzbQhw,ShawnMendesVEVO,2014-06-10T13:34:14.000Z,,7300167467,0,11200000,119,"['Music', 'Pop Music']"
395,UCK9F8nycURBsR0YlrBsu1Ag,Jingle Toons,2013-01-24T05:15:15.000Z,,3800214467,0,11400000,195,"['Entertainment', 'Film', 'Music']"
396,UC3RpTX6fEMJ6KBNTTgXJB9w,5incominutos,2010-07-25T19:13:23.000Z,,832910461,0,10900000,289,"['Entertainment', 'Lifestyle (Sociology)']"
397,UCS3VJQpFmLbBd5qsWci9KPA,Nao FunFun,2014-02-01T02:18:26.000Z,KR,2642064,0,11400000,156,"['Lifestyle (Sociology)', 'Hobby', 'Food']"
398,UC_A7K2dXFsTMAciGmnNxy-Q,Saregama Music,2013-01-04T10:53:12.000Z,IN,3186085042,0,10900000,3283,"['Entertainment', 'Electronic Music', 'Music Of Asia', 'Music']"
400,UCksqGNZCImjaDnKvRONwbdg,___________,2014-05-15T22:21:32.000Z,,40,0,7,1,"['Pet', 'Lifestyle (Sociology)']"
401,UCBw-Dz6wHRkxiXKCLoWqDzA,BCC Trolling,2011-05-12T22:00:33.000Z,GB,3098221097,0,10600000,3838,"['Action Game', 'Video Game Culture', 'Role-Playing Video Game']"
402,UCAoMPWcQKA_9Af5YhWdrZgw,MyLifeAsEva,2011-07-25T01:31:39.000Z,US,1146009872,0,10700000,272,"['Lifestyle (Sociology)', 'Entertainment', 'Fashion']"
403,UCITqR49EAUY8i1vZtXTwe-A,Dolan Twins,2014-03-10T00:51:49.000Z,,1586515045,0,10600000,252,"['Lifestyle (Sociology)', 'Entertainment']"
404,UCKyU-wd-KY4PMOcOpPQgQcw,Tlnovelas,2013-04-03T01:45:06.000Z,MX,5993510141,0,10800000,18557,"['Entertainment', 'Film', 'Television Program']"
405,UCDo9msNItILnyF_Y2eHaNQg,RiceGum,2012-09-25T00:03:02.000Z,US,2058883902,0,10700000,318,"['Action Game', 'Video Game Culture', 'Lifestyle (Sociology)', 'Entertainment']"
406,UCay_OLhWtf9iklq8zg_or0g,As/Is,2013-04-09T18:38:36.000Z,US,10286973198,0,10700000,3980,"['Lifestyle (Sociology)', 'Entertainment', 'Fashion']"
407,UCe_Fx4EZAgKjDz0aQ_Y7hSA,Got Talent Global,2013-01-31T16:21:31.000Z,,4223181056,0,10700000,1440,"['Performing Arts', 'Lifestyle (Sociology)', 'Entertainment', 'Television Program', 'Hobby']"
408,UCt-am4x4ZyeohfgM85qFgdQ,elliegoulding,2007-01-29T19:48:01.000Z,,150127125,0,10600000,72,"['Music', 'Pop Music']"
409,UCXhDFaOPG2zhiYm9eXuMKkA,MAIKI021,2008-01-22T22:22:56.000Z,BR,1207022212,0,10800000,1250,"['Lifestyle (Sociology)', 'Vehicle']"
410,UCgefQJC5UgbWJHDxBqB4qVg,Jesse,2009-11-10T03:10:03.000Z,US,2110499771,0,10600000,254,"['Lifestyle (Sociology)', 'Entertainment', 'Film', 'Television Program']"
411,UC1r4VtVE__5K6c_L_3Vlxxg,fouseyTUBE,2011-03-21T08:32:25.000Z,US,1697084053,0,10600000,181,"['Boxing', 'Lifestyle (Sociology)', 'Entertainment', 'Sport']"
412,UC70Dib4MvFfT1tU6MqeyHpQ,Preston,2012-07-04T07:01:56.000Z,US,3480169038,0,10700000,3612,"['Video Game Culture', 'Lifestyle (Sociology)', 'Entertainment', 'Television Program', 'Role-Playing Video Game']"
413,UCsm77kEHBDEPgD4Ir3jSRYg,El Reino a Jugar,2015-03-03T14:01:27.000Z,AR,4960763426,0,10600000,407,"['Music', 'Entertainment', 'Film']"
414,UCyb0T6J6nL5ibo0HLRMINKw,Galo Frito,2007-10-03T15:47:30.000Z,BR,1725626688,0,10500000,432,"['Music', 'Humour', 'Entertainment', 'Film']"
415,UCoTyVfIkM-hjz4JauDoVvog,ExpCaseros,2012-09-18T12:47:28.000Z,ES,2101605782,0,10700000,738,"['Lifestyle (Sociology)', 'Food', 'Hobby']"
416,UCV1JuyDF9Re3HyXFGeqnC7Q,JesseAndMike,2007-04-29T00:26:41.000Z,US,6914730047,0,10700000,454,"['Lifestyle (Sociology)', 'Entertainment', 'Food']"
417,UC1OFDlfdRb6ma1ZGZd07gWA,Miranda Sings,2008-01-31T00:27:47.000Z,,2101969601,0,10800000,828,"['Lifestyle (Sociology)', 'Entertainment']"
418,UCoookXUzPciGrEZEXmh4Jjg,Sesame Street,2006-01-16T00:56:52.000Z,US,9393216505,0,10800000,2900,"['Entertainment', 'Film', 'Television Program']"
419,UC24_Z2L-8Ki183AI9zJJzNQ,TRANS7 OFFICIAL,2014-09-04T12:28:11.000Z,ID,4440416092,0,10700000,48585,"['Film', 'Lifestyle (Sociology)', 'Entertainment', 'Food', 'Television Program']"
420,UC-LPIU24bQXVljUXivKEeRQ,StarPlus,2006-05-19T21:46:13.000Z,,3223274932,0,10500000,8905,"['Lifestyle (Sociology)', 'Entertainment', 'Film', 'Performing Arts', 'Television Program', 'Hobby']"
421,UCqFhfan_P2AmGVB1X2B-3Aw,Farruko,2009-10-30T19:04:17.000Z,US,732584869,0,10800000,129,"['Music', 'Music Of Latin America', 'Hip Hop Music']"
422,UCnOVVuoLJ_1YY8A0V802wHA,RomanAtwood,2009-11-18T17:22:03.000Z,,1498276258,0,10600000,117,"['Lifestyle (Sociology)', 'Entertainment']"
423,UCshoKvlZGZ20rVgazZp5vnQ,CaptainSparklez,2010-07-20T19:38:14.000Z,US,3568843507,0,10700000,5067,"['Action Game', 'Video Game Culture', 'Role-Playing Video Game']"
424,UCt4atlExw8aj3Bm79nv1fig,Round2hell,2016-10-20T07:58:14.000Z,IN,902828606,0,10600000,56,"['Entertainment', 'Film']"
